{
  "dist_cars": 0.0028633295712305737,
  "dist_lanes": -1.864303267385593,
  "dist_fences": 11.074985075629748,
  "dist_obstacles": 0.1,
  "dist_trees": 0.1,
  "speed": 0.4669676569587721,
  "control": 3.298832510440855
}