{
  "dist_cars": 0.1,
  "dist_lanes": -3.0808403515306733,
  "dist_fences": 10.800809149172261,
  "dist_obstacles": 0.16211834850801374,
  "dist_trees": 0.16211834850801374,
  "speed": 0.19112197370222153,
  "control": 0.9063764939211035
}