{
  "dist_cars": 37.03851316331003,
  "dist_lanes": -20.21712201573829,
  "dist_fences": 0.31486609673289445,
  "dist_obstacles": 0.1,
  "dist_trees": 0.1,
  "speed": 0.9447481109081981,
  "control": 0.9522763169928061
}