{
  "dist_cars": 9.751113956400836,
  "dist_lanes": -72.88406150003821,
  "dist_fences": 0.0,
  "dist_obstacles": 0.1,
  "dist_trees": 0.1,
  "speed": 6.626417265370511,
  "control": 7.377989105895703
}