{
  "dist_cars": 0.0028633295712305737,
  "dist_lanes": -9.482056436199345,
  "dist_fences": 1.9571748434225278,
  "dist_obstacles": 0.1,
  "dist_trees": 0.1,
  "speed": 7.499999999999997,
  "control": 3.0742004939236853
}