{
  "dist_cars": 0.09145066383031612,
  "dist_lanes": -15.956186135059317,
  "dist_fences": 1.0348676021760919,
  "dist_obstacles": 0.1,
  "dist_trees": 0.1,
  "speed": 0.007423694764389314,
  "control": 1.5453179964558725
}