{
  "dist_cars": 0.07021905898128027,
  "dist_lanes": -1.977526836878814,
  "dist_fences": 10.945274454480643,
  "dist_obstacles": 0.1,
  "dist_trees": 0.1,
  "speed": 0.04545512413695698,
  "control": 3.3302610224013884
}