{
  "dist_cars": 0.1,
  "dist_lanes": -25.217230232336796,
  "dist_fences": 3.4837744143472418,
  "dist_obstacles": 4.467532560149103,
  "dist_trees": 4.467532560149103,
  "speed": 1.8855204260445007,
  "control": 1.5245491002529767
}