{
  "dist_lanes": -22.087640722832884,
  "dist_fences": 4.034880824367734,
  "dist_obstacles": 1.1956582737254717e-39,
  "dist_trees": 1.1956582737254717e-39,
  "dist_debris": 1.1956582737254717e-39,
  "control": 1.9572197428047113,
  "control_throttle": 0.3142600483471206,
  "control_brake": 0.0,
  "control_turn": 1.4014921315547253,
  "speed": 0.005837618813042102,
  "speed_over": 0.0007919388079948796,
  "speed_under": 0.0050456800050472225,
  "bias": 30.0,
  "cost": 106.74046266926995,
  "offtrack": 25,
  "overspeed": 0,
  "underspeed": 0,
  "uncomfortable": 2,
  "wronglane": 0,
  "crash_objects": 0
}