{
  "dist_cars": 0.0028633464238557375,
  "dist_lanes": -1.8532311297941828,
  "dist_fences": 11.084896617411683,
  "dist_obstacles": 0.1,
  "dist_trees": 0.1,
  "speed": 0.43790357580578604,
  "control": 3.5314036447345085
}