{
  "dist_cars": 7.864542380644893,
  "dist_lanes": -74.06360039454898,
  "dist_fences": 0.0,
  "dist_obstacles": 0.1,
  "dist_trees": 0.1,
  "speed": 18.54921659411609,
  "control": 5.505489074268225
}