{
  "dist_cars": 0.09638439901633342,
  "dist_lanes": -19.553790280004765,
  "dist_fences": 0.3948008440018091,
  "dist_obstacles": 0.1,
  "dist_trees": 0.1,
  "speed": 0.009098526364857203,
  "control": 1.313895005070743
}