{
  "dist_cars": 0.0028633295712305737,
  "dist_lanes": -1.8871979399697771,
  "dist_fences": 11.058218640175319,
  "dist_obstacles": 0.1,
  "dist_trees": 0.1,
  "speed": 0.18611604342053664,
  "control": 3.5801588251764915
}