{
  "dist_cars": 2.550670295438696,
  "dist_lanes": -64.27691632112037,
  "dist_fences": 0.0,
  "dist_obstacles": 0.1,
  "dist_trees": 0.1,
  "speed": 4.514259406327072,
  "control": 0.6048178685183596
}