{
  "dist_cars": 0.1,
  "dist_lanes": -74.80078397680786,
  "dist_fences": 0.0,
  "dist_obstacles": 0.12069845334493046,
  "dist_trees": 0.12069845334493046,
  "speed": 0.09164630805369961,
  "control": 0.40307451500047226
}