{
  "dist_cars": 32.3127230912751,
  "dist_lanes": -20.721681602028795,
  "dist_fences": 0.151863503685742,
  "dist_obstacles": 0.1,
  "dist_trees": 0.1,
  "speed": 0.010110844674594744,
  "control": 1.5182100406373076
}