{
  "dist_cars": 0.0714451377463524,
  "dist_lanes": -1.8571618096410356,
  "dist_fences": 11.081225326526415,
  "dist_obstacles": 0.1,
  "dist_trees": 0.1,
  "speed": 0.378495256586446,
  "control": 3.5799186746075042
}