{
  "dist_cars": 0.1,
  "dist_lanes": -2.493391674441727,
  "dist_fences": 11.310000000000002,
  "dist_obstacles": 1.1895047486009045e-39,
  "dist_trees": 1.1895047486009045e-39,
  "speed": 7.499999999999997,
  "control": 3.060000000000001
}