{
  "dist_cars": 0.0028633295712305737,
  "dist_lanes": -9.383392831264654,
  "dist_fences": 1.9853917639998424,
  "control": 3.07163523354365,
  "control_throttle": 2.250000002767588,
  "control_brake": 3.951154520885057e-08,
  "control_turn": 0.8157873169720574,
  "speed": 7.499999999999997,
  "speed_over": 7.499999999999997,
  "speed_under": 0.0,
  "bias": 30.0,
  "cost": 54.86280756176233,
  "offtrack": 29,
  "overspeed": 30,
  "underspeed": 0,
  "uncomfortable": 1,
  "wronglane": 0,
  "collision": 0
}