{
  "dist_cars": 27.43424803056643,
  "dist_lanes": -15.618501433515238,
  "dist_fences": 1.0441696466912886,
  "control": 1.8432070173645227,
  "control_throttle": 0.2835197988671525,
  "control_brake": 0.0,
  "control_turn": 0.6067395889895344,
  "speed": 0.008314996911757876,
  "speed_over": 0.0,
  "speed_under": 0.008314996911757876,
  "bias": 30.0,
  "cost": 59.19856320582464,
  "offtrack": 24,
  "overspeed": 0,
  "underspeed": 0,
  "uncomfortable": 2,
  "wronglane": 27,
  "collision": 1
}