{
  "dist_lanes": -2.4933892525089543,
  "dist_fences": 11.310000000000002,
  "dist_obstacles": 0.0011740668889818487,
  "dist_trees": 0.0011740668889818487,
  "dist_debris": 0.0011740668889818487,
  "control": 3.0600000001997536,
  "control_throttle": 2.2500000000499383,
  "control_brake": 2.062653942301032e-36,
  "control_turn": 0.8100000001997536,
  "speed": 7.499999999999997,
  "speed_over": 7.499999999999997,
  "speed_under": 0.0,
  "bias": 30.0,
  "cost": 194.73553218716975,
  "offtrack": 29,
  "overspeed": 30,
  "underspeed": 0,
  "uncomfortable": 1,
  "wronglane": 0,
  "crash_objects": 0
}