{
  "dist_cars": 0.0028633464238557375,
  "dist_lanes": -1.8532311297941828,
  "dist_fences": 11.084896617411683,
  "control": 3.5314036447345085,
  "control_throttle": 2.3499294414752474,
  "control_brake": 0.13577238089199684,
  "control_turn": 46.57961206490406,
  "speed": 0.43790357580578604,
  "speed_over": 0.4333592728761193,
  "speed_under": 0.004544302929666812,
  "bias": 30.0,
  "cost": 44.930086750595024,
  "offtrack": 29,
  "overspeed": 6,
  "underspeed": 0,
  "uncomfortable": 1,
  "wronglane": 0,
  "collision": 0
}