{
  "dist_lanes": -1.9711388250370512,
  "dist_fences": 11.310000000000002,
  "dist_obstacles": 0.15309554568529604,
  "dist_trees": 0.15309554568529604,
  "dist_debris": 0.15309554568529604,
  "control": 3.0600000000001426,
  "control_throttle": 2.2500000000000013,
  "control_brake": 3.4541541446467496e-14,
  "control_turn": 0.810000000000143,
  "speed": 7.499999999999997,
  "speed_over": 7.499999999999997,
  "speed_under": 0.0,
  "bias": 30.0,
  "cost": 47.28352343445173,
  "offtrack": 29,
  "overspeed": 30,
  "underspeed": 0,
  "uncomfortable": 1,
  "wronglane": 1,
  "crash_objects": 0
}