{
  "dist_cars": 10.93532837547446,
  "dist_lanes": -73.60260275803883,
  "dist_fences": 0.0,
  "dist_obstacles": 0.1,
  "dist_trees": 0.1,
  "speed": 2.504709996803439,
  "control": 4.757784801037895
}