{
  "dist_cars": 0.006643991975389021,
  "dist_lanes": -20.05031149307342,
  "dist_fences": 0.3632758553669779,
  "dist_obstacles": 0.1,
  "dist_trees": 0.1,
  "speed": 1.6749815023241517,
  "control": 0.8477032333550059
}