{
  "dist_cars": 0.0028633464238557375,
  "dist_lanes": -1.8523048121826649,
  "dist_fences": 11.085794181629453,
  "dist_obstacles": 0.1,
  "dist_trees": 0.1,
  "speed": 0.442567083595352,
  "control": 3.543699161498358
}