{
  "dist_cars": 0.0028633464238557375,
  "dist_lanes": -1.7924167880159674,
  "dist_fences": 11.310000000000002,
  "control": 3.060000000000021,
  "control_throttle": 2.250000000000001,
  "control_brake": 4.498780092631564e-15,
  "control_turn": 0.0011045113522863467,
  "speed": 7.499999999999997,
  "speed_over": 7.499999999999997,
  "speed_under": 0.0,
  "bias": 30.0,
  "cost": 43.48615065120064,
  "offtrack": 29,
  "overspeed": 30,
  "underspeed": 0,
  "uncomfortable": 1,
  "wronglane": 0,
  "collision": 0
}