{
  "dist_cars": 0.1,
  "dist_lanes": -3.3941948782608073,
  "dist_fences": 10.686765647403275,
  "dist_obstacles": 0.17776452326615927,
  "dist_trees": 0.17776452326615927,
  "speed": 0.5756304392596345,
  "control": 0.7374900265352065
}