{
  "dist_cars": 0.06278287136374477,
  "dist_lanes": -1.8011041327905695,
  "dist_fences": 11.187050877615162,
  "dist_obstacles": 0.1,
  "dist_trees": 0.1,
  "speed": 4.686748534009405,
  "control": 3.060023350317621
}