{
  "dist_cars": 0.06277792895825976,
  "dist_lanes": -1.8048507126366697,
  "dist_fences": 11.169720679700887,
  "dist_obstacles": 0.1,
  "dist_trees": 0.1,
  "speed": 5.388587027210491,
  "control": 3.1629285974594663
}