{
  "dist_cars": 0.006651186818030962,
  "dist_lanes": -20.945768702967786,
  "dist_fences": 0.16766154437210712,
  "dist_obstacles": 0.1,
  "dist_trees": 0.1,
  "speed": 0.009613727981381631,
  "control": 1.2959486620420164
}