{
  "dist_cars": 7.825719106005449,
  "dist_lanes": -1.792416795357552,
  "dist_fences": 11.310000000000002,
  "dist_obstacles": 0.1,
  "dist_trees": 0.1,
  "speed": 7.499999999999997,
  "control": 3.060000000000112
}