{
  "dist_cars": 0.002863329646811311,
  "dist_lanes": -8.748173146534711,
  "dist_fences": 2.213712367157639,
  "dist_obstacles": 0.1,
  "dist_trees": 0.1,
  "speed": 1.1994481734313,
  "control": 4.507632451148548
}