{
  "dist_cars": 0.006790189110855742,
  "dist_lanes": -20.869260128477887,
  "dist_fences": 0.1903306316927262,
  "dist_obstacles": 0.1,
  "dist_trees": 0.1,
  "speed": 0.018810933717862455,
  "control": 1.2453407169768396
}