{
  "dist_cars": 0.1,
  "dist_lanes": -22.087640723150553,
  "dist_fences": 4.034880824334701,
  "dist_obstacles": 1.1956582737274391e-39,
  "dist_trees": 1.1956582737274391e-39,
  "speed": 0.005837618815506258,
  "control": 1.95721974268413
}