{
  "dist_cars": 0.1,
  "dist_lanes": -28.47657891386073,
  "dist_fences": 3.0068377731100813,
  "dist_obstacles": 0.0023839817470209797,
  "dist_trees": 0.0023839817470209797,
  "speed": 0.01917425357658479,
  "control": 1.4165089031136961
}