{
  "dist_cars": 0.06277782639704685,
  "dist_lanes": -1.7924166766069387,
  "dist_fences": 11.310000000000002,
  "control": 3.0600000000000076,
  "control_throttle": 2.2500000000000004,
  "control_brake": 1.5227386218975294e-15,
  "control_turn": 0.8100000000000082,
  "speed": 7.499999999999997,
  "speed_over": 7.499999999999997,
  "speed_under": 0.0,
  "bias": 30.0,
  "cost": 43.48756593662941,
  "offtrack": 29,
  "overspeed": 30,
  "underspeed": 0,
  "uncomfortable": 1,
  "wronglane": 0,
  "collision": 0
}