{
  "dist_lanes": -2.493391674441727,
  "dist_fences": 11.310000000000002,
  "dist_obstacles": 1.1895047486009045e-39,
  "dist_trees": 1.1895047486009045e-39,
  "dist_debris": 1.1895047486009045e-39,
  "control": 3.060000000000001,
  "control_throttle": 2.25,
  "control_brake": 2.0141557507516593e-16,
  "control_turn": 0.8100000000000012,
  "speed": 7.499999999999997,
  "speed_over": 7.499999999999997,
  "speed_under": 0.0,
  "bias": 30.0,
  "cost": 106.74051594134067,
  "offtrack": 29,
  "overspeed": 30,
  "underspeed": 0,
  "uncomfortable": 1,
  "wronglane": 0,
  "crash_objects": 0
}