{
  "dist_cars": 0.1,
  "dist_lanes": -22.087640722832095,
  "dist_fences": 4.034880824367817,
  "dist_obstacles": 4.452011318732329,
  "dist_trees": 4.452011318732329,
  "speed": 0.0058376188130360405,
  "control": 1.9572197428050115
}