{
  "dist_cars": 0.09880036748047011,
  "dist_lanes": -20.469144076665774,
  "dist_fences": 0.2915289112626151,
  "dist_obstacles": 0.1,
  "dist_trees": 0.1,
  "speed": 1.0606203454734389,
  "control": 0.8815687614638438
}