{
  "dist_cars": 0.1,
  "dist_lanes": -28.29808287102044,
  "dist_fences": 3.0665675512608246,
  "dist_obstacles": 0.0024644370201970744,
  "dist_trees": 0.0024644370201970744,
  "speed": 0.5861891108489854,
  "control": 1.1528897040390031
}