{
  "dist_cars": 0.07592676166368184,
  "dist_lanes": -1.831810434213515,
  "dist_fences": 11.109618554109009,
  "dist_obstacles": 0.1,
  "dist_trees": 0.1,
  "speed": 0.764760302040691,
  "control": 3.520996275305098
}