{
  "dist_cars": 0.06282568346168664,
  "dist_lanes": -1.7932231149371065,
  "dist_fences": 11.290209166030055,
  "control": 3.0601132071713266,
  "control_throttle": 2.25,
  "control_brake": 5.66035856423218e-05,
  "control_turn": 2.8781516415149007,
  "speed": 6.215661746502449,
  "speed_over": 6.215661746502449,
  "speed_under": 0.0,
  "bias": 30.0,
  "cost": 43.60496905831494,
  "offtrack": 29,
  "overspeed": 30,
  "underspeed": 0,
  "uncomfortable": 1,
  "wronglane": 0,
  "collision": 0
}