{
  "dist_cars": 0.1,
  "dist_lanes": -22.087640722832884,
  "dist_fences": 4.034880824367734,
  "dist_obstacles": 1.1956582737254717e-39,
  "dist_trees": 1.1956582737254717e-39,
  "speed": 0.005837618813042102,
  "control": 1.9572197428047113
}