{
  "dist_cars": 0.09145071957217257,
  "dist_lanes": -15.95618149170653,
  "dist_fences": 1.0348689628651497,
  "dist_obstacles": 0.1,
  "dist_trees": 0.1,
  "speed": 0.007423695604645682,
  "control": 1.545316879521796
}