{
  "dist_cars": 0.06282568346168264,
  "dist_lanes": -1.7932231149371505,
  "dist_fences": 11.29020916602788,
  "control": 3.0601132071713226,
  "control_throttle": 2.25,
  "control_brake": 5.660358564100709e-05,
  "control_turn": 2.8781516415289126,
  "speed": 6.215661746477888,
  "speed_over": 6.215661746477888,
  "speed_under": 0.0,
  "bias": 30.0,
  "cost": 43.604969058314694,
  "offtrack": 29,
  "overspeed": 30,
  "underspeed": 0,
  "uncomfortable": 1,
  "wronglane": 0,
  "collision": 0
}