{
  "dist_cars": 0.1,
  "dist_lanes": -22.087640722954895,
  "dist_fences": 4.034880824353976,
  "dist_obstacles": 4.452011318944558,
  "dist_trees": 4.452011318944558,
  "speed": 0.005837618812486101,
  "control": 1.957219742756054
}