{
  "dist_cars": 0.09638439901633274,
  "dist_lanes": -19.553790280004524,
  "dist_fences": 0.3948008440018351,
  "dist_obstacles": 0.1,
  "dist_trees": 0.1,
  "speed": 0.009098526364856177,
  "control": 1.3138950050707923
}