{
  "dist_cars": 0.006751434387973447,
  "dist_lanes": -21.044503285278022,
  "dist_fences": 0.1571031826236087,
  "dist_obstacles": 0.1,
  "dist_trees": 0.1,
  "speed": 0.013837932284620741,
  "control": 1.2713406293668963
}