{
  "dist_cars": 0.06277782292068004,
  "dist_lanes": -1.7924166841986582,
  "dist_fences": 11.310000000000002,
  "dist_obstacles": 0.1,
  "dist_trees": 0.1,
  "speed": 7.499999999999997,
  "control": 3.06000000000001
}