{
  "dist_cars": 0.0028633295712305737,
  "dist_lanes": -1.7932227729788417,
  "dist_fences": 11.290226092129977,
  "dist_obstacles": 0.1,
  "dist_trees": 0.1,
  "speed": 6.216308893550057,
  "control": 3.0601132771039685
}