{
  "dist_cars": 32.312723091275096,
  "dist_lanes": -20.721681604629115,
  "dist_fences": 0.15186350327007,
  "dist_obstacles": 0.1,
  "dist_trees": 0.1,
  "speed": 0.010110844800955532,
  "control": 1.518210039122804
}