{
  "dist_cars": 0.09145078196731701,
  "dist_lanes": -15.956176287693548,
  "dist_fences": 1.0348704873345236,
  "control": 1.54531562946128,
  "control_throttle": 0.2881291671080999,
  "control_brake": 0.0,
  "control_turn": 0.4817825612436122,
  "speed": 0.007423696516570701,
  "speed_over": 0.0,
  "speed_under": 0.007423696516570701,
  "bias": 30.0,
  "cost": 56.28288024622636,
  "offtrack": 24,
  "overspeed": 0,
  "underspeed": 0,
  "uncomfortable": 2,
  "wronglane": 27,
  "collision": 0
}