{
  "dist_lanes": -3.0808403651601175,
  "dist_fences": 10.800809143850973,
  "dist_obstacles": 0.16211834906610528,
  "dist_trees": 0.16211834906610528,
  "dist_debris": 0.16211834906610528,
  "control": 0.9063764876469808,
  "control_throttle": 0.45218634033148525,
  "control_brake": 0.0,
  "control_turn": 0.4767706849585798,
  "speed": 0.19112198016484752,
  "speed_over": 0.0,
  "speed_under": 0.19112198016484752,
  "bias": 30.0,
  "cost": 134.04581259284987,
  "offtrack": 29,
  "overspeed": 0,
  "underspeed": 0,
  "uncomfortable": 0,
  "wronglane": 1,
  "crash_objects": 0
}