{
  "dist_cars": 0.0028633295712305737,
  "dist_lanes": -1.7924166769989267,
  "dist_fences": 11.310000000000002,
  "control": 3.0600000003907377,
  "control_throttle": 2.2500000000976845,
  "control_brake": 2.8623102623586683e-34,
  "control_turn": 0.8100000003907382,
  "speed": 7.499999999999997,
  "speed_over": 7.499999999999997,
  "speed_under": 0.0,
  "bias": 30.0,
  "cost": 150.92600839507958,
  "offtrack": 29,
  "overspeed": 30,
  "underspeed": 0,
  "uncomfortable": 1,
  "wronglane": 0,
  "collision": 0
}