{
  "dist_cars": 0.1,
  "dist_lanes": -74.22984035076578,
  "dist_fences": 0.0,
  "dist_obstacles": 3.0249269437400104,
  "dist_trees": 3.0249269437400104,
  "speed": 5.025346346099964,
  "control": 4.290002422483213
}