{
  "dist_cars": 0.1,
  "dist_lanes": -3.10727835146953,
  "dist_fences": 10.79059848310253,
  "dist_obstacles": 0.16323805552577358,
  "dist_trees": 0.16323805552577358,
  "speed": 0.2037769066899448,
  "control": 0.8965308229485438
}