{
  "dist_cars": 27.43424803056643,
  "dist_lanes": -15.618501433515238,
  "dist_fences": 1.0441696466912886,
  "dist_obstacles": 0.1,
  "dist_trees": 0.1,
  "speed": 0.008314996911757876,
  "control": 1.8432070173645227
}