{
  "dist_cars": 0.00669911577665587,
  "dist_lanes": -20.937628495003967,
  "dist_fences": 0.1745677997590258,
  "dist_obstacles": 0.1,
  "dist_trees": 0.1,
  "speed": 0.022492128926391734,
  "control": 1.2551921347789596
}