{
  "dist_cars": 0.06278288295799357,
  "dist_lanes": -1.8011085327482055,
  "dist_fences": 11.187026797464673,
  "dist_obstacles": 0.1,
  "dist_trees": 0.1,
  "speed": 4.685682607189233,
  "control": 3.060023255433343
}