{
  "dist_cars": 0.0028633295712305737,
  "dist_lanes": -9.383392831264654,
  "dist_fences": 1.9853917639998424,
  "dist_obstacles": 0.1,
  "dist_trees": 0.1,
  "speed": 7.499999999999997,
  "control": 3.07163523354365
}