{
  "dist_cars": 0.1,
  "dist_lanes": -22.081124782113015,
  "dist_fences": 4.035553467784274,
  "dist_obstacles": 4.441942980534236,
  "dist_trees": 4.441942980534236,
  "speed": 0.005836021021627676,
  "control": 1.9598782911764063
}