{
  "dist_cars": 0.1,
  "dist_lanes": -13.101228412898362,
  "dist_fences": 4.976480503525361,
  "dist_obstacles": 0.21140388855632847,
  "dist_trees": 0.21140388855632847,
  "speed": 18.017691117248713,
  "control": 1.149796804376046
}