{
  "dist_cars": 0.006699115776602423,
  "dist_lanes": -20.937628492185727,
  "dist_fences": 0.17456780019207332,
  "dist_obstacles": 0.1,
  "dist_trees": 0.1,
  "speed": 0.022492128700070297,
  "control": 1.2551921350892665
}