{
  "dist_cars": 0.0028633464238557375,
  "dist_lanes": -1.7924168017903164,
  "dist_fences": 11.310000000000002,
  "dist_obstacles": 0.1,
  "dist_trees": 0.1,
  "speed": 7.499999999999997,
  "control": 3.060000000000197
}