{
  "dist_cars": 1.7471489614749218,
  "dist_lanes": -70.74565252174433,
  "dist_fences": 0.0,
  "dist_obstacles": 0.1,
  "dist_trees": 0.1,
  "speed": 2.334747265184742,
  "control": 0.2706677207195898
}