{
  "dist_cars": 0.06278288295794057,
  "dist_lanes": -1.8011085326656122,
  "dist_fences": 11.187026797916584,
  "dist_obstacles": 0.1,
  "dist_trees": 0.1,
  "speed": 4.6856826191089755,
  "control": 3.060023255433797
}