{
  "dist_cars": 0.1,
  "dist_lanes": -22.081124878724296,
  "dist_fences": 4.035553450474787,
  "dist_obstacles": 4.441943014925187,
  "dist_trees": 4.441943014925187,
  "speed": 0.005836021012049295,
  "control": 1.9598782777137922
}