{
  "dist_lanes": -1.9711388138353605,
  "dist_fences": 11.310000000000002,
  "dist_obstacles": 0.15309554568529604,
  "dist_trees": 0.15309554568529604,
  "dist_debris": 0.15309554568529604,
  "control": 3.060000000000003,
  "control_throttle": 2.25,
  "control_brake": 7.901690514001867e-16,
  "control_turn": 0.8100000000000033,
  "speed": 7.499999999999997,
  "speed_over": 7.499999999999997,
  "speed_under": 0.0,
  "bias": 30.0,
  "cost": 96.56834881919548,
  "offtrack": 29,
  "overspeed": 30,
  "underspeed": 0,
  "uncomfortable": 1,
  "wronglane": 1,
  "crash_objects": 0
}