{
  "dist_cars": 0.006751434387973447,
  "dist_lanes": -21.044503285278022,
  "dist_fences": 0.1571031826236087,
  "control": 1.2713406293668963,
  "control_throttle": 0.26738602815386575,
  "control_brake": 0.0,
  "control_turn": 0.4352120650785876,
  "speed": 0.013837932284620741,
  "speed_over": 0.0,
  "speed_under": 0.013837932284620741,
  "bias": 30.0,
  "cost": 43.487699521560636,
  "offtrack": 3,
  "overspeed": 0,
  "underspeed": 0,
  "uncomfortable": 1,
  "wronglane": 27,
  "collision": 0
}