{
  "dist_lanes": -2.49338925335514,
  "dist_fences": 11.310000000000002,
  "dist_obstacles": 1.1895047486009045e-39,
  "dist_trees": 1.1895047486009045e-39,
  "dist_debris": 1.1895047486009045e-39,
  "control": 3.0600000000029413,
  "control_throttle": 2.250000000000735,
  "control_brake": 3.353556813201365e-34,
  "control_turn": 0.8100000000029414,
  "speed": 7.499999999999997,
  "speed_over": 7.499999999999997,
  "speed_under": 0.0,
  "bias": 30.0,
  "cost": 188.42081996670964,
  "offtrack": 29,
  "overspeed": 30,
  "underspeed": 0,
  "uncomfortable": 1,
  "wronglane": 0,
  "crash_objects": 0
}