{
  "dist_cars": 0.09638439901633274,
  "dist_lanes": -19.553790280004524,
  "dist_fences": 0.3948008440018351,
  "control": 1.3138950050707923,
  "control_throttle": 0.2771931610226097,
  "control_brake": 0.0,
  "control_turn": 0.43377591124153825,
  "speed": 0.009098526364856177,
  "speed_over": 0.0,
  "speed_under": 0.009098526364856177,
  "bias": 30.0,
  "cost": 47.10682862732895,
  "offtrack": 10,
  "overspeed": 0,
  "underspeed": 0,
  "uncomfortable": 1,
  "wronglane": 27,
  "collision": 0
}