{
  "dist_cars": 1.4301474857102847,
  "dist_lanes": -71.1112546246289,
  "dist_fences": 0.0,
  "dist_obstacles": 0.1,
  "dist_trees": 0.1,
  "speed": 0.04611388785866654,
  "control": 0.5731138407856543
}