{
  "dist_cars": 0.006489857101363864,
  "dist_lanes": -19.905249690115646,
  "dist_fences": 0.3806622302429552,
  "dist_obstacles": 0.1,
  "dist_trees": 0.1,
  "speed": 1.6903398707547095,
  "control": 0.8725234393142061
}