{
  "dist_cars": 0.07591548892500802,
  "dist_lanes": -1.831928028671031,
  "dist_fences": 11.109453189836914,
  "dist_obstacles": 0.1,
  "dist_trees": 0.1,
  "speed": 0.7630194744357788,
  "control": 3.5205587280177224
}