{
  "dist_cars": 0.09873886457552432,
  "dist_lanes": -20.453485004568503,
  "dist_fences": 0.2933403526866597,
  "dist_obstacles": 0.1,
  "dist_trees": 0.1,
  "speed": 1.0646611186437385,
  "control": 0.8836556353722964
}