{
  "dist_cars": 0.1,
  "dist_lanes": -28.297333937954793,
  "dist_fences": 3.066678504112958,
  "dist_obstacles": 0.002464027048463719,
  "dist_trees": 0.002464027048463719,
  "speed": 0.5869732310991871,
  "control": 1.152597130560238
}