{
  "dist_cars": 7.8257191062541,
  "dist_lanes": -1.9170518850770255,
  "dist_fences": 11.01079653057856,
  "dist_obstacles": 0.1,
  "dist_trees": 0.1,
  "speed": 0.38620279062351526,
  "control": 3.6262496417159196
}