{
  "dist_cars": 0.1,
  "dist_lanes": -74.76833315841351,
  "dist_fences": 0.0,
  "dist_obstacles": 0.05961496490861566,
  "dist_trees": 0.05961496490861566,
  "speed": 0.09441595325085379,
  "control": 0.42030781988952504
}