{
  "dist_cars": 0.1,
  "dist_lanes": -22.08764071717848,
  "dist_fences": 4.0348808254192,
  "dist_obstacles": 4.4520113167788224,
  "dist_trees": 4.4520113167788224,
  "speed": 0.005837618817601333,
  "control": 1.957219743468227
}