{
  "dist_cars": 0.06282568346168664,
  "dist_lanes": -1.7932231149371065,
  "dist_fences": 11.290209166030055,
  "dist_obstacles": 0.1,
  "dist_trees": 0.1,
  "speed": 6.215661746502449,
  "control": 3.0601132071713266
}