{
  "dist_cars": 0.1,
  "dist_lanes": -22.08764072121814,
  "dist_fences": 4.034880824668575,
  "dist_obstacles": 4.452011318175165,
  "dist_trees": 4.452011318175165,
  "speed": 0.005837618814408142,
  "control": 1.957219742992391
}