{
  "dist_cars": 10.817939001086367,
  "dist_lanes": -72.02239802805536,
  "dist_fences": 0.0033138088029277535,
  "dist_obstacles": 0.1,
  "dist_trees": 0.1,
  "speed": 16.620288685254607,
  "control": 3.630563801866103
}