{
  "dist_cars": 0.1,
  "dist_lanes": -74.22478991494512,
  "dist_fences": 0.0,
  "dist_obstacles": 0.49981092804394467,
  "dist_trees": 0.49981092804394467,
  "speed": 20.006708232219648,
  "control": 4.378823661148231
}