{
  "dist_cars": 38.1054886032573,
  "dist_lanes": -20.413336972099216,
  "dist_fences": 0.29713368270050555,
  "dist_obstacles": 0.1,
  "dist_trees": 0.1,
  "speed": 1.0884676999155694,
  "control": 0.8918818032422268
}