{
  "dist_cars": 0.0028633295712305737,
  "dist_lanes": -1.8324627870319983,
  "dist_fences": 11.108706703237658,
  "dist_obstacles": 0.1,
  "dist_trees": 0.1,
  "speed": 0.7534766737819594,
  "control": 3.5209361730958904
}