{
  "dist_cars": 0.0028633464238557375,
  "dist_lanes": -1.853737692560024,
  "dist_fences": 11.084412434011309,
  "dist_obstacles": 0.1,
  "dist_trees": 0.1,
  "speed": 0.42706038252016715,
  "control": 3.543363024724355
}