{
  "dist_cars": 0.0028633295712305737,
  "dist_lanes": -1.895773075848497,
  "dist_fences": 11.04596092946941,
  "dist_obstacles": 0.1,
  "dist_trees": 0.1,
  "speed": 0.16164415747940253,
  "control": 3.535902968412375
}