{
  "dist_cars": 0.09829341404307217,
  "dist_lanes": -19.932307866815503,
  "dist_fences": 0.380380180550952,
  "dist_obstacles": 0.1,
  "dist_trees": 0.1,
  "speed": 1.7394296824807347,
  "control": 0.85588857437194
}