{
  "dist_cars": 0.1,
  "dist_lanes": -27.464614322669256,
  "dist_fences": 3.1397804448189475,
  "dist_obstacles": 5.08797404521709,
  "dist_trees": 5.08797404521709,
  "speed": 0.6029584282414586,
  "control": 1.39518749918861
}