{
  "dist_cars": 0.09136402886148079,
  "dist_lanes": -15.933404583792761,
  "dist_fences": 1.0365470133676393,
  "dist_obstacles": 0.1,
  "dist_trees": 0.1,
  "speed": 0.007326716862696314,
  "control": 1.556701226597208
}