{
  "dist_cars": 0.1,
  "dist_lanes": -22.08764072276899,
  "dist_fences": 4.034880824382898,
  "dist_obstacles": 4.452011318771078,
  "dist_trees": 4.452011318771078,
  "speed": 0.005837618812942638,
  "control": 1.9572197427996605
}