{
  "dist_cars": 0.1,
  "dist_lanes": -1.9711388138353119,
  "dist_fences": 11.310000000000002,
  "dist_obstacles": 0.15309554568529604,
  "dist_trees": 0.15309554568529604,
  "speed": 7.499999999999997,
  "control": 3.060000000000003
}