{
  "dist_cars": 0.0028633295712305737,
  "dist_lanes": -1.8965953596310385,
  "dist_fences": 11.047116670626547,
  "dist_obstacles": 0.1,
  "dist_trees": 0.1,
  "speed": 0.17469087317438783,
  "control": 3.4674919058481044
}