{
  "dist_cars": 0.09880036748047011,
  "dist_lanes": -20.469144076665774,
  "dist_fences": 0.2915289112626151,
  "control": 0.8815687614638438,
  "control_throttle": 0.06882796199732419,
  "control_brake": 0.0,
  "control_turn": 0.28612791239320445,
  "speed": 1.0606203454734389,
  "speed_over": 0.0,
  "speed_under": 1.0606203454734389,
  "bias": 30.0,
  "cost": 44.740616616299725,
  "offtrack": 8,
  "overspeed": 0,
  "underspeed": 0,
  "uncomfortable": 1,
  "wronglane": 26,
  "collision": 0
}