{
  "dist_cars": 0.06277782639704167,
  "dist_lanes": -1.7924166766069383,
  "dist_fences": 11.310000000000002,
  "dist_obstacles": 0.1,
  "dist_trees": 0.1,
  "speed": 7.499999999999997,
  "control": 3.0600000000000076
}