{
  "dist_cars": 0.1,
  "dist_lanes": -22.087640672337013,
  "dist_fences": 4.034880833764953,
  "dist_obstacles": 1.19565827362872e-39,
  "dist_trees": 1.19565827362872e-39,
  "speed": 0.0058376188539347755,
  "control": 1.9572197487044762
}