{
  "dist_cars": 0.0067112821674920106,
  "dist_lanes": -21.026328371580014,
  "dist_fences": 0.15972633223917718,
  "dist_obstacles": 0.1,
  "dist_trees": 0.1,
  "speed": 0.017384808047989014,
  "control": 1.2647716490621042
}