{
  "dist_cars": 0.06280155856210831,
  "dist_lanes": -1.795233575307376,
  "dist_fences": 11.238182738614665,
  "dist_obstacles": 0.1,
  "dist_trees": 0.1,
  "speed": 5.396155942194365,
  "control": 3.060059496863622
}