{
  "dist_cars": 7.8257191062541,
  "dist_lanes": -1.9170518850770255,
  "dist_fences": 11.01079653057856,
  "control": 3.6262496417159196,
  "control_throttle": 2.3681001675009274,
  "control_brake": 0.1640267199703573,
  "control_turn": 14.601497177630181,
  "speed": 0.38620279062351526,
  "speed_over": 0.38602811911581886,
  "speed_under": 0.00017467150769642756,
  "bias": 30.0,
  "cost": 1150.8758753664902,
  "offtrack": 29,
  "overspeed": 5,
  "underspeed": 0,
  "uncomfortable": 1,
  "wronglane": 0,
  "collision": 0
}