{
  "dist_lanes": -2.7445864302157896,
  "dist_fences": 11.121609536063099,
  "dist_obstacles": 0.477881399715153,
  "dist_trees": 0.477881399715153,
  "dist_debris": 0.477881399715153,
  "control": 3.084294950838709,
  "control_throttle": 2.2505578218566793,
  "control_brake": 3.4295891140719557e-06,
  "control_turn": 0.8171522738736658,
  "speed": 7.499999999999997,
  "speed_over": 7.499999999999997,
  "speed_under": 0.0,
  "bias": 30.0
}