{
  "dist_cars": 0.09638439901633392,
  "dist_lanes": -19.553790280004883,
  "dist_fences": 0.39480084400180127,
  "dist_obstacles": 0.1,
  "dist_trees": 0.1,
  "speed": 0.009098526364857876,
  "control": 1.3138950050706997
}