{
  "dist_cars": 0.1,
  "dist_lanes": -27.983189790108327,
  "dist_fences": 3.1170066246312134,
  "dist_obstacles": 0.0024242753465317335,
  "dist_trees": 0.0024242753465317335,
  "speed": 0.9692467992663061,
  "control": 1.125027774409498
}