{
  "dist_cars": 2.8886883105071317,
  "dist_lanes": -73.62660199582633,
  "dist_fences": 0.0,
  "dist_obstacles": 0.1,
  "dist_trees": 0.1,
  "speed": 7.499999999999997,
  "control": 3.0746038835823257
}