{
  "dist_lanes": -2.493389261748129,
  "dist_fences": 11.310000000000002,
  "dist_obstacles": 0.0011740668889818487,
  "dist_trees": 0.0011740668889818487,
  "dist_debris": 0.0011740668889818487,
  "control": 3.0599999999999996,
  "control_throttle": 2.25,
  "control_brake": 2.0913405962359037e-34,
  "control_turn": 0.81,
  "speed": 7.499999999999997,
  "speed_over": 7.499999999999997,
  "speed_under": 0.0,
  "bias": 30.0,
  "cost": 106.74046652031477,
  "offtrack": 29,
  "overspeed": 30,
  "underspeed": 0,
  "uncomfortable": 1,
  "wronglane": 0,
  "crash_objects": 0
}