{
  "dist_cars": 0.09145078196731701,
  "dist_lanes": -15.956176287693548,
  "dist_fences": 1.0348704873345236,
  "dist_obstacles": 0.1,
  "dist_trees": 0.1,
  "speed": 0.007423696516570701,
  "control": 1.54531562946128
}