{
  "dist_cars": 0.1,
  "dist_lanes": -3.0808403651601175,
  "dist_fences": 10.800809143850973,
  "dist_obstacles": 0.16211834906610528,
  "dist_trees": 0.16211834906610528,
  "speed": 0.19112198016484752,
  "control": 0.9063764876469808
}