{
  "dist_cars": 0.0702190961018437,
  "dist_lanes": -1.9775248314575469,
  "dist_fences": 10.945275738618227,
  "dist_obstacles": 0.1,
  "dist_trees": 0.1,
  "speed": 0.04545243525244208,
  "control": 3.330276258145295
}