{
  "dist_cars": 37.62259696275947,
  "dist_lanes": -20.975338044649597,
  "dist_fences": 0.16166102052000125,
  "dist_obstacles": 0.1,
  "dist_trees": 0.1,
  "speed": 0.009209783574809217,
  "control": 1.3015652760910152
}