{
  "dist_cars": 0.1,
  "dist_lanes": -25.2172595483312,
  "dist_fences": 3.4837710372327098,
  "dist_obstacles": 4.46755070121158,
  "dist_trees": 4.46755070121158,
  "speed": 1.885538896287092,
  "control": 1.5245425079512853
}