{
  "dist_cars": 0.0028633295712305737,
  "dist_lanes": -9.482100590791205,
  "dist_fences": 1.9571594970492328,
  "dist_obstacles": 0.1,
  "dist_trees": 0.1,
  "speed": 7.499999999999997,
  "control": 3.073438301405032
}