{
  "dist_cars": 0.00789241294598806,
  "dist_lanes": -74.10069714085728,
  "dist_fences": 0.0,
  "dist_obstacles": 0.1,
  "dist_trees": 0.1,
  "speed": 7.499999999999997,
  "control": 3.079525540345895
}