{
  "dist_cars": 0.0028633464238557375,
  "dist_lanes": -1.79241678813897,
  "dist_fences": 11.310000000000002,
  "control": 3.060000000000023,
  "control_throttle": 2.2500000000000013,
  "control_brake": 4.7416274103023485e-15,
  "control_turn": 2.1393290393962378e-06,
  "speed": 7.499999999999997,
  "speed_over": 7.499999999999997,
  "speed_under": 0.0,
  "bias": 30.0,
  "cost": 43.48270443003799,
  "offtrack": 29,
  "overspeed": 30,
  "underspeed": 0,
  "uncomfortable": 1,
  "wronglane": 0,
  "collision": 0
}