{
  "dist_lanes": -74.80078397680786,
  "dist_fences": 0.0,
  "dist_obstacles": 0.12069845334493046,
  "dist_trees": 0.12069845334493046,
  "dist_debris": 0.12069845334493046,
  "control": 0.40307451500047226,
  "control_throttle": 0.2008665876646225,
  "control_brake": 0.0,
  "control_turn": 0.20201779157712768,
  "speed": 0.09164630805369961,
  "speed_over": 0.0,
  "speed_under": 0.09164630805369961,
  "bias": 30.0,
  "cost": -149.52795618064133,
  "offtrack": 0,
  "overspeed": 0,
  "underspeed": 0,
  "uncomfortable": 0,
  "wronglane": 0,
  "crash_objects": 0
}