{
  "dist_cars": 0.0067112821674920106,
  "dist_lanes": -21.026328371580014,
  "dist_fences": 0.15972633223917718,
  "control": 1.2647716490621042,
  "control_throttle": 0.26123934074741567,
  "control_brake": 0.0,
  "control_turn": 0.4346475687703885,
  "speed": 0.017384808047989014,
  "speed_over": 0.0,
  "speed_under": 0.017384808047989014,
  "bias": 30.0,
  "cost": 43.50671347827954,
  "offtrack": 4,
  "overspeed": 0,
  "underspeed": 0,
  "uncomfortable": 1,
  "wronglane": 27,
  "collision": 0
}