{
  "dist_lanes": -2.4933906704037434,
  "dist_fences": 11.310000000000002,
  "dist_obstacles": 0.477881399715153,
  "dist_trees": 0.477881399715153,
  "dist_debris": 0.477881399715153,
  "control": 3.06,
  "control_throttle": 2.25,
  "control_brake": 2.607602180212074e-18,
  "control_turn": 0.8100000000000005,
  "speed": 7.499999999999997,
  "speed_over": 7.499999999999997,
  "speed_under": 0.0,
  "bias": 30.0,
  "cost": 106.74049398595717,
  "offtrack": 29,
  "overspeed": 30,
  "underspeed": 0,
  "uncomfortable": 1,
  "wronglane": 0,
  "crash_objects": 0
}