{
  "dist_lanes": -2.4933892600797742,
  "dist_fences": 11.310000000000002,
  "dist_obstacles": 0.0011740668889818487,
  "dist_trees": 0.0011740668889818487,
  "dist_debris": 0.0011740668889818487,
  "control": 3.0600000001385856,
  "control_throttle": 2.2500000000309948,
  "control_brake": 3.651790587104679e-12,
  "control_turn": 0.8100000001385859,
  "speed": 7.499999999999997,
  "speed_over": 7.499999999999997,
  "speed_under": 0.0,
  "bias": 30.0,
  "cost": 69.28453118904895,
  "offtrack": 29,
  "overspeed": 30,
  "underspeed": 0,
  "uncomfortable": 1,
  "wronglane": 0,
  "crash_objects": 0
}