{
  "dist_cars": 0.1,
  "dist_lanes": -2.493389265508311,
  "dist_fences": 11.310000000000002,
  "dist_obstacles": 0.0011740668889818487,
  "dist_trees": 0.0011740668889818487,
  "speed": 7.499999999999997,
  "control": 3.0599999999999996
}