{
  "dist_cars": 7.825719106005449,
  "dist_lanes": -1.7924167924287813,
  "dist_fences": 11.310000000000002,
  "control": 3.0600000000000236,
  "control_throttle": 2.2500000000000013,
  "control_brake": 4.818044655644553e-15,
  "control_turn": 9.587109049768e-05,
  "speed": 7.499999999999997,
  "speed_over": 7.499999999999997,
  "speed_under": 0.0,
  "bias": 30.0,
  "cost": 43.538095066881176,
  "offtrack": 29,
  "overspeed": 30,
  "underspeed": 0,
  "uncomfortable": 1,
  "wronglane": 0,
  "collision": 0
}