{
  "dist_cars": 0.07021905898128027,
  "dist_lanes": -1.977526836878814,
  "dist_fences": 10.945274454480643,
  "control": 3.3302610224013884,
  "control_throttle": 1.2212841024470316,
  "control_brake": 0.0047930688251123735,
  "control_turn": 63.03749490581628,
  "speed": 0.04545512413695698,
  "speed_over": 0.04213251934941354,
  "speed_under": 0.0033226047875434387,
  "bias": 30.0,
  "cost": 50.751841459344796,
  "offtrack": 29,
  "overspeed": 2,
  "underspeed": 0,
  "uncomfortable": 1,
  "wronglane": 0,
  "collision": 0
}