{
  "dist_lanes": -25.217230232336796,
  "dist_fences": 3.4837744143472418,
  "dist_obstacles": 4.467532560149103,
  "dist_trees": 4.467532560149103,
  "dist_debris": 4.467532560149103,
  "control": 1.5245491002529767,
  "control_throttle": 0.08047326045975596,
  "control_brake": 5.434502304820447e-05,
  "control_turn": 1.167604436904112,
  "speed": 1.8855204260445007,
  "speed_over": 0.0,
  "speed_under": 1.8855204260445007,
  "bias": 30.0,
  "cost": 94.05497616109393,
  "offtrack": 25,
  "overspeed": 0,
  "underspeed": 0,
  "uncomfortable": 2,
  "wronglane": 0,
  "crash_objects": 0
}