{
  "dist_cars": 0.09145066383031612,
  "dist_lanes": -15.956186135059317,
  "dist_fences": 1.0348676021760919,
  "control": 1.5453179964558725,
  "control_throttle": 0.2881291711702638,
  "control_brake": 0.0,
  "control_turn": 0.48178335291725144,
  "speed": 0.007423694764389314,
  "speed_over": 0.0,
  "speed_under": 0.007423694764389314,
  "bias": 30.0,
  "cost": 56.282831474813044,
  "offtrack": 24,
  "overspeed": 0,
  "underspeed": 0,
  "uncomfortable": 2,
  "wronglane": 27,
  "collision": 0
}