{
  "dist_cars": 0.09638439901633383,
  "dist_lanes": -19.55379028000488,
  "dist_fences": 0.3948008440017976,
  "dist_obstacles": 0.1,
  "dist_trees": 0.1,
  "speed": 0.009098526364857782,
  "control": 1.313895005070716
}