{
  "dist_cars": 0.006751434387973433,
  "dist_lanes": -21.044503286410922,
  "dist_fences": 0.1571031824426408,
  "dist_obstacles": 0.1,
  "dist_trees": 0.1,
  "speed": 0.013837932288323428,
  "control": 1.2713406293268008
}