{
  "dist_cars": 0.09829341404307217,
  "dist_lanes": -19.932307866815503,
  "dist_fences": 0.380380180550952,
  "control": 0.85588857437194,
  "control_throttle": 0.04013580674812996,
  "control_brake": 0.0,
  "control_turn": 0.25875970355598493,
  "speed": 1.7394296824807347,
  "speed_over": 0.0,
  "speed_under": 1.7394296824807347,
  "bias": 30.0,
  "cost": 45.296586248852684,
  "offtrack": 11,
  "overspeed": 0,
  "underspeed": 0,
  "uncomfortable": 1,
  "wronglane": 26,
  "collision": 0
}