{
  "dist_lanes": -2.4933908071590074,
  "dist_fences": 11.310000000000002,
  "dist_obstacles": 0.0011740668889818487,
  "dist_trees": 0.0011740668889818487,
  "dist_debris": 0.0011740668889818487,
  "control": 3.0600000000000134,
  "control_throttle": 2.2500000000000004,
  "control_brake": 3.049144744931641e-15,
  "control_turn": 0.8100000000000134,
  "speed": 7.499999999999997,
  "speed_over": 7.499999999999997,
  "speed_under": 0.0,
  "bias": 30.0,
  "cost": 56.27024218039756,
  "offtrack": 29,
  "overspeed": 30,
  "underspeed": 0,
  "uncomfortable": 1,
  "wronglane": 0,
  "crash_objects": 0
}