{
  "dist_cars": 0.1,
  "dist_lanes": -2.1980080209036656,
  "dist_fences": 11.130400375077066,
  "dist_obstacles": 0.15309555028078503,
  "dist_trees": 0.15309555028078503,
  "speed": 0.03805247518151921,
  "control": 3.4890522194779083
}