{
  "dist_cars": 0.06277788077533655,
  "dist_lanes": -1.7924166761472102,
  "dist_fences": 11.310000000000002,
  "control": 3.0600000000010077,
  "control_throttle": 2.250000000000075,
  "control_brake": 1.7697366800903843e-13,
  "control_turn": 0.8100000000010076,
  "speed": 7.499999999999997,
  "speed_over": 7.499999999999997,
  "speed_under": 0.0,
  "bias": 30.0,
  "cost": 129.65036279102893,
  "offtrack": 29,
  "overspeed": 30,
  "underspeed": 0,
  "uncomfortable": 1,
  "wronglane": 0,
  "collision": 0
}