{
  "dist_cars": 0.06282568346168264,
  "dist_lanes": -1.7932231149371505,
  "dist_fences": 11.29020916602788,
  "dist_obstacles": 0.1,
  "dist_trees": 0.1,
  "speed": 6.215661746477888,
  "control": 3.0601132071713226
}