{
  "dist_cars": 7.825719737502577,
  "dist_lanes": -2.083780172580879,
  "dist_fences": 10.856317135675472,
  "dist_obstacles": 0.1,
  "dist_trees": 0.1,
  "speed": 0.0002725179013111394,
  "control": 3.416477103498191
}