{
  "dist_cars": 0.1,
  "dist_lanes": -28.007914976899492,
  "dist_fences": 3.114083425164736,
  "dist_obstacles": 0.002430278524154915,
  "dist_trees": 0.002430278524154915,
  "speed": 0.9657225465166039,
  "control": 1.1215421011265978
}