{
  "dist_cars": 0.09638364204486231,
  "dist_lanes": -19.55734008356881,
  "dist_fences": 0.39379514250471603,
  "dist_obstacles": 0.1,
  "dist_trees": 0.1,
  "speed": 0.009071476691306157,
  "control": 1.315083764023857
}