{
  "dist_cars": 0.1,
  "dist_lanes": -2.0086390889468233,
  "dist_fences": 11.2423260863214,
  "dist_obstacles": 0.15309554568529604,
  "dist_trees": 0.15309554568529604,
  "speed": 1.1987599301448915,
  "control": 3.413659164908671
}