{
  "dist_cars": 0.09748497214664062,
  "dist_lanes": -19.217974744444955,
  "dist_fences": 0.47956360850344476,
  "dist_obstacles": 0.1,
  "dist_trees": 0.1,
  "speed": 0.345038522045741,
  "control": 1.0713827483980656
}