{
  "dist_cars": 0.1,
  "dist_lanes": -27.144011085505774,
  "dist_fences": 3.192385073859871,
  "dist_obstacles": 5.034051888340067,
  "dist_trees": 5.034051888340067,
  "speed": 0.9734734085623734,
  "control": 1.3683190482312828
}