{
  "dist_cars": 0.0028633295712305737,
  "dist_lanes": -1.792416788169774,
  "dist_fences": 11.310000000000002,
  "dist_obstacles": 0.1,
  "dist_trees": 0.1,
  "speed": 7.499999999999997,
  "control": 3.0600000000000236
}