{
  "dist_cars": 0.0028633464238557375,
  "dist_lanes": -1.7963109849963013,
  "dist_fences": 11.223944212713851,
  "control": 3.060325433605396,
  "control_throttle": 2.25,
  "control_brake": 0.0001597500393649322,
  "control_turn": 0.00011918191604840266,
  "speed": 6.16595081353349,
  "speed_over": 6.16595081353349,
  "speed_under": 0.0,
  "bias": 30.0,
  "cost": 946.5982327345863,
  "offtrack": 29,
  "overspeed": 30,
  "underspeed": 0,
  "uncomfortable": 1,
  "wronglane": 0,
  "collision": 0
}