{
  "dist_cars": 7.825719748789205,
  "dist_lanes": -2.0842575691943326,
  "dist_fences": 10.856039679294529,
  "dist_obstacles": 0.1,
  "dist_trees": 0.1,
  "speed": 0.0002561888839919529,
  "control": 3.416791627200068
}