{
  "dist_cars": 0.1,
  "dist_lanes": -74.80167757313446,
  "dist_fences": 0.0,
  "dist_obstacles": 1.450810208260579e-37,
  "dist_trees": 1.450810208260579e-37,
  "speed": 0.10368328414312097,
  "control": 0.39602347286686534
}