{
  "dist_cars": 0.1,
  "dist_lanes": -2.4933892545586405,
  "dist_fences": 11.310000000000002,
  "dist_obstacles": 0.477881399715153,
  "dist_trees": 0.477881399715153,
  "speed": 7.499999999999997,
  "control": 3.0599999999999996
}