{
  "dist_cars": 0.006777197342513069,
  "dist_lanes": -21.024604200134018,
  "dist_fences": 0.15985560358217357,
  "dist_obstacles": 0.1,
  "dist_trees": 0.1,
  "speed": 0.009514361573735045,
  "control": 1.2813334684138495
}