{
  "dist_cars": 7.8257191060069315,
  "dist_lanes": -1.88720533879698,
  "dist_fences": 11.058213800296983,
  "dist_obstacles": 0.1,
  "dist_trees": 0.1,
  "speed": 0.18609332657704578,
  "control": 3.5801171040605007
}